"","BaP_5nM_DMSO_rep1","BaP_5nM_DMSO_rep2","BaP_5nM_DMSO_rep3","BaP_5nM_DMSO_rep4","control_acetone_rep1","control_acetone_rep2","control_acetone_rep3","control_DMSO_rep1","control_DMSO_rep2","control_DMSO_rep3","control_rep1","control_rep2","control_rep3","NNK_0.01nM_DMSO_rep1","NNK_0.01nM_DMSO_rep2","NNK_0.01nM_DMSO_rep3","NNK_0.01nM_DMSO_rep4","NNK_1.0nM_DMSO_rep1","NNK_1.0nM_DMSO_rep2","NNK_1.0nM_DMSO_rep3","NNK_1.0nM_DMSO_rep4","NTCU_0.5nM_Acetone_rep1","NTCU_0.5nM_Acetone_rep2","NTCU_0.5nM_Acetone_rep3","NTCU_0.5nM_Acetone_rep4"
"C>A_ACA",1363,341,258,326,49,53,82,89,62,59,95,41,54,68,49,94,86,75,53,91,67,223,262,270,210
"C>A_ACC",2074,393,272,448,8,18,36,23,13,14,30,12,15,26,10,40,21,30,11,32,23,130,124,118,125
"C>A_ACG",779,123,77,147,4,8,3,7,8,5,5,3,6,4,7,4,2,6,5,7,4,19,19,25,21
"C>A_ACT",1094,216,169,211,25,25,40,34,32,36,41,14,20,35,35,36,43,43,18,41,32,115,125,139,119
"C>A_CCA",3958,713,476,838,42,46,91,58,47,47,75,35,41,74,41,69,71,79,39,100,72,123,135,135,136
"C>A_CCC",7785,1461,918,1586,8,19,49,22,15,19,29,8,16,18,12,31,27,31,14,38,40,116,126,112,130
"C>A_CCG",1574,203,172,267,4,9,14,8,6,3,8,7,4,7,7,8,3,4,4,13,12,13,9,18,15
"C>A_CCT",4795,796,500,907,30,44,54,45,36,30,79,21,31,31,26,61,55,53,26,67,49,117,104,100,111
"C>A_GCA",1444,278,191,301,52,35,64,35,50,42,72,17,31,46,39,52,48,65,39,70,56,105,99,118,104
"C>A_GCC",4185,730,507,821,16,15,24,21,13,17,23,14,7,12,17,20,20,22,13,16,15,79,85,76,89
"C>A_GCG",1014,167,92,163,5,3,9,5,3,2,7,3,3,5,7,9,4,5,2,5,9,10,11,15,18
"C>A_GCT",1264,218,158,244,24,36,47,37,35,22,48,18,27,36,18,41,25,46,19,48,46,91,80,73,77
"C>A_TCA",1561,313,225,365,47,50,73,86,54,46,64,45,45,50,52,60,73,72,48,92,76,167,179,205,197
"C>A_TCC",4255,877,546,949,25,23,55,48,35,28,55,23,30,28,34,49,45,52,27,50,54,237,253,258,272
"C>A_TCG",624,102,62,120,6,5,10,9,10,5,12,3,1,4,2,11,4,7,7,13,4,16,23,10,25
"C>A_TCT",2761,579,461,653,87,73,175,121,74,83,125,60,52,108,69,131,104,116,63,164,150,296,302,303,340
"C>G_ACA",352,62,46,68,18,13,24,30,14,21,31,12,31,22,13,20,30,44,14,24,29,33,42,44,50
"C>G_ACC",267,63,54,63,10,4,18,12,9,6,27,13,11,15,13,20,14,19,10,20,12,50,53,32,45
"C>G_ACG",214,31,17,25,3,1,8,10,4,2,2,6,7,3,3,3,9,7,3,7,9,8,9,9,6
"C>G_ACT",256,53,44,54,16,11,27,31,11,13,39,11,13,16,17,36,22,25,19,23,33,45,60,55,70
"C>G_CCA",347,64,50,60,12,10,13,11,6,6,12,8,15,11,7,16,13,10,11,10,9,14,22,19,21
"C>G_CCC",589,110,62,124,9,6,13,24,5,8,10,8,12,11,5,11,11,14,8,20,13,36,34,53,29
"C>G_CCG",308,39,28,50,2,1,4,2,0,1,3,1,3,2,0,1,2,4,1,4,3,5,3,5,5
"C>G_CCT",526,81,77,97,13,11,21,30,10,15,20,10,15,22,14,27,32,32,7,13,23,37,24,41,42
"C>G_GCA",298,39,33,52,4,7,13,12,2,6,6,6,7,5,7,13,8,12,3,10,12,21,20,28,19
"C>G_GCC",749,115,100,134,7,4,11,10,7,6,15,2,11,11,7,17,5,10,4,16,11,34,30,32,33
"C>G_GCG",343,30,24,57,1,2,4,3,3,4,2,3,4,0,1,6,2,4,0,4,6,6,5,5,3
"C>G_GCT",289,32,27,39,10,7,17,20,14,9,18,5,10,9,13,14,7,16,13,17,22,31,27,36,40
"C>G_TCA",322,72,46,64,15,19,37,38,17,10,28,12,13,12,23,29,22,45,18,25,32,54,49,52,55
"C>G_TCC",469,100,50,95,6,12,30,21,11,7,26,9,13,18,8,30,17,21,8,29,35,77,95,80,95
"C>G_TCG",153,26,19,23,2,0,6,1,2,0,3,1,3,2,3,1,1,1,1,5,6,11,7,10,7
"C>G_TCT",441,109,91,97,23,23,66,67,22,19,61,28,38,28,42,55,48,66,38,59,59,80,100,120,111
"C>T_ACA",532,168,130,166,40,47,108,91,57,47,98,38,44,53,49,94,65,96,54,103,88,384,411,349,325
"C>T_ACC",588,152,99,159,20,17,49,62,23,26,55,23,23,23,34,56,37,61,20,53,45,384,387,356,373
"C>T_ACG",280,73,61,83,20,16,51,42,23,16,38,10,25,29,26,37,25,24,20,49,48,128,120,107,113
"C>T_ACT",422,122,80,115,32,34,101,79,24,32,77,30,41,51,48,71,60,60,25,90,92,351,370,369,302
"C>T_CCA",628,152,112,158,30,21,65,62,30,34,67,24,36,41,45,67,53,53,32,64,62,110,106,93,113
"C>T_CCC",1152,275,187,300,27,25,66,69,29,25,57,15,28,40,38,54,36,53,35,63,64,141,159,148,144
"C>T_CCG",276,70,65,87,15,21,30,36,18,17,30,15,13,21,27,33,27,32,14,32,38,38,36,42,42
"C>T_CCT",1580,323,209,338,22,31,82,57,27,24,80,26,35,57,45,69,40,70,36,89,86,152,179,176,158
"C>T_GCA",433,123,87,119,25,30,60,55,36,31,59,19,30,43,46,58,48,67,44,75,71,139,132,114,120
"C>T_GCC",995,233,165,256,15,23,51,54,33,20,43,20,33,32,34,42,28,58,24,58,43,195,185,177,202
"C>T_GCG",318,79,43,74,28,23,62,42,24,19,44,11,23,28,26,35,32,34,18,52,49,60,64,68,68
"C>T_GCT",500,118,90,128,29,24,88,66,36,38,73,26,39,39,37,71,43,69,32,80,85,201,196,193,199
"C>T_TCA",381,141,104,127,48,41,110,128,43,54,99,34,59,71,67,111,63,124,55,96,107,230,237,228,203
"C>T_TCC",668,219,161,214,30,41,109,103,43,44,112,39,42,50,52,118,59,101,41,117,100,358,351,387,366
"C>T_TCG",142,51,43,46,20,6,45,28,14,15,47,19,14,18,22,46,23,36,16,42,45,67,62,61,69
"C>T_TCT",684,197,162,217,69,52,165,140,70,66,172,62,77,87,65,159,102,149,60,154,152,367,391,375,361
"T>A_ATA",307,114,80,95,13,15,45,51,24,26,59,14,25,29,20,65,34,42,25,44,42,166,195,215,193
"T>A_ATC",73,29,21,25,9,5,20,27,16,11,36,6,10,19,15,41,15,21,9,22,14,92,119,145,123
"T>A_ATG",220,62,52,62,15,22,31,43,24,22,65,16,20,39,31,57,36,40,14,45,33,184,235,233,202
"T>A_ATT",171,76,59,72,28,21,59,72,22,26,74,20,17,56,45,69,37,61,25,56,55,154,192,201,187
"T>A_CTA",158,44,38,46,16,12,19,39,17,15,39,7,10,21,26,35,29,26,13,38,20,48,43,44,51
"T>A_CTC",137,61,36,45,22,14,29,39,16,23,37,19,12,24,20,34,32,50,19,47,37,64,60,52,71
"T>A_CTG",313,72,62,91,19,20,48,48,20,32,51,13,20,51,35,57,56,67,32,50,43,88,90,82,86
"T>A_CTT",228,74,58,89,26,25,45,58,26,26,60,24,14,43,28,59,43,76,40,71,63,55,41,74,50
"T>A_GTA",107,35,22,33,9,8,12,28,13,10,28,9,11,25,16,26,18,32,14,27,20,63,74,73,72
"T>A_GTC",77,29,23,30,8,9,16,25,9,10,25,7,13,17,13,28,9,47,11,33,21,68,66,68,66
"T>A_GTG",180,78,57,59,12,14,28,37,13,17,45,16,21,38,21,39,38,51,29,37,27,87,85,100,88
"T>A_GTT",108,40,34,45,19,18,26,50,19,17,59,19,17,35,33,65,36,59,20,41,38,78,90,107,80
"T>A_TTA",295,86,65,90,22,33,69,77,39,36,88,21,36,38,40,91,51,71,49,73,72,123,105,123,129
"T>A_TTC",110,38,38,40,23,17,34,42,19,18,34,17,13,36,24,46,34,34,30,42,39,84,85,91,90
"T>A_TTG",137,53,47,61,19,20,40,47,23,18,55,16,22,42,28,64,36,49,30,53,39,67,84,90,97
"T>A_TTT",188,87,70,84,40,39,74,99,44,43,118,24,42,73,48,111,63,95,55,102,77,112,123,116,138
"T>C_ATA",188,84,81,87,43,33,91,120,45,36,136,26,49,70,71,112,81,112,50,102,71,142,133,144,115
"T>C_ATC",72,26,31,21,17,22,39,40,20,17,43,6,22,30,15,50,26,36,11,34,28,62,76,58,75
"T>C_ATG",122,56,51,70,25,24,74,83,34,36,88,23,38,51,44,91,54,68,36,79,64,97,82,97,90
"T>C_ATT",159,85,88,93,34,37,131,136,48,44,132,26,47,73,65,145,96,108,58,124,111,166,160,161,163
"T>C_CTA",300,108,102,115,22,26,53,69,29,34,64,21,29,41,30,77,57,68,30,54,48,66,51,57,67
"T>C_CTC",95,35,36,52,24,17,53,66,23,18,56,15,26,30,20,51,45,43,21,43,53,74,74,74,72
"T>C_CTG",130,70,70,71,32,34,77,97,37,34,92,33,40,60,62,101,72,82,41,108,79,77,85,84,84
"T>C_CTT",203,80,67,79,30,29,67,83,32,34,91,31,47,68,50,92,79,83,47,93,66,72,77,77,86
"T>C_GTA",81,43,39,38,11,24,52,73,26,22,52,20,26,38,36,51,52,56,27,74,55,68,64,86,78
"T>C_GTC",51,26,24,25,6,15,26,37,17,24,34,9,18,15,24,34,22,30,10,32,30,56,50,46,56
"T>C_GTG",67,28,28,28,13,15,57,62,25,37,65,20,21,38,24,56,50,34,22,81,52,68,76,83,77
"T>C_GTT",116,50,57,51,22,25,101,126,28,25,97,28,31,50,54,104,79,76,53,98,98,109,109,120,118
"T>C_TTA",99,64,63,67,30,29,62,103,34,29,73,29,32,66,39,79,56,75,36,80,69,82,71,78,71
"T>C_TTC",95,46,43,51,24,23,62,60,28,34,64,25,34,40,28,65,52,46,26,77,65,74,70,82,69
"T>C_TTG",87,38,43,49,25,36,67,82,36,29,76,26,32,55,37,73,74,64,26,69,63,76,65,76,66
"T>C_TTT",144,94,81,88,53,38,101,131,52,42,133,40,61,77,69,140,105,144,60,122,103,130,133,112,129
"T>G_ATA",61,22,12,20,8,10,14,20,11,7,19,10,12,17,18,24,18,19,9,23,25,93,94,71,79
"T>G_ATC",20,3,6,8,8,5,9,10,4,8,10,6,2,7,6,16,15,5,5,17,10,82,105,69,57
"T>G_ATG",76,19,17,27,9,8,21,35,15,12,30,10,11,21,16,36,20,33,14,30,20,54,69,48,67
"T>G_ATT",30,26,27,23,11,18,35,32,15,18,47,16,14,21,28,39,31,35,16,27,31,145,143,117,127
"T>G_CTA",24,7,7,16,9,4,12,15,4,6,26,2,7,9,6,22,14,21,7,17,13,18,20,15,16
"T>G_CTC",29,14,13,13,5,4,7,16,4,7,17,6,2,5,6,17,16,16,12,9,7,18,19,25,19
"T>G_CTG",105,35,26,36,14,13,26,43,12,14,55,12,13,25,25,42,22,30,17,37,23,35,40,32,37
"T>G_CTT",54,21,22,25,13,11,29,40,13,16,33,29,16,19,20,32,55,33,26,37,30,45,45,39,43
"T>G_GTA",44,10,9,9,5,5,12,15,5,4,11,6,9,9,10,15,13,22,10,14,12,37,30,24,28
"T>G_GTC",20,10,4,4,5,1,3,8,1,2,13,3,8,5,6,11,4,5,5,5,3,30,37,35,29
"T>G_GTG",124,40,34,41,14,10,25,40,20,14,46,9,24,26,11,41,39,38,16,41,15,38,48,39,41
"T>G_GTT",38,21,20,17,6,9,24,27,8,12,29,14,6,14,12,33,34,39,16,28,21,42,48,36,47
"T>G_TTA",53,35,24,35,14,10,29,42,11,13,32,14,17,19,29,41,31,30,19,30,28,44,38,34,33
"T>G_TTC",44,20,16,16,12,7,23,29,11,7,16,13,7,15,19,18,20,15,9,20,19,37,34,41,39
"T>G_TTG",204,61,61,63,22,23,44,90,25,17,82,24,28,42,39,83,59,68,29,50,50,47,49,54,49
"T>G_TTT",117,51,59,59,29,29,70,79,22,24,92,36,40,46,48,89,75,73,45,83,68,84,90,80,87
